Workbook

Sheet NamePlateProc
A1: NAME PLATE PROCEDURE
A3: Series | C3: As per Sales Order | E3: Size | G3: As per Sales Order
A4: Class/Pitch | C4: Sales To Provide when sending Sales Order | E4: Op Speed | G4: 2P - 2880rpm, 4P - 1440rpm, 6P - 960rpm, 8P - 720rpm
A5: Motor | C5: As per Sales Order or Supplier Order | E5: Max Speed | G5: Same as Op. Speed (Above)
A6: Voltage | C6: As per Sales Order or Supplier Order | E6: Phase | G6: As per Sales Order - 3Phase - 380V, 525V and 1Phase - 220V
A7: F.L.A | C7: Sales To Provide when sending Sales Order | E7: Frequency | G7: 50Hz Always - unless specified
A8: Op Temp | C8: 20 degrees - Unless Specified | E8: Conn | G8: SEE BELOW EXPLANATION
A9: Serial No | C9: As per Sales Order | E9: Date of Manuf | G9: Month and Year that job sheet is issued
C11: Re-Lubrication Interval | D11: N/A - All the time, unless specified
A13: STAR CONNECTION | E13: DELTA CONNECTION
A14: VOLTAGE | B14: SPEED | C14: MAXIMUM MOTOR SIZE | E14: VOLTAGE | F14: SPEED | G14: MAXIMUM MOTOR SIZE
A15: 380V | B15: 2 POLE | C15: 3kW | E15: 525V | F15: 2 POLE | G15: 4kW
A16: 380V | B16: 4 POLE | C16: 3kW | E16: 525V | F16: 4 POLE | G16: 4kW
A17: 380V | B17: 6 POLE | C17: 1.5kW | E17: 525V | F17: 6 POLE | G17: 2.2kW
A18: 380V | B18: 8 POLE | C18: 1.1kW | E18: 525V | F18: 8 POLE | G18: 1.5kW
A20: DELTA CONNECTION | E20: DELTA CONNECTION
A21: VOLTAGE | B21: SPEED | C21: MINIMUM MOTOR SIZE | E21: VOLTAGE | F21: SPEED | G21: MAXIMUM MOTOR SIZE
A22: 380V | B22: 2 POLE | C22: 4kW | E22: 220V | F22: 2 POLE | G22: 3kW
A23: 380V | B23: 4 POLE | C23: 4kW | E23: 220V | F23: 4 POLE | G23: 3kW
A24: 380V | B24: 6 POLE | C24: 2.2kW | E24: 220V | F24: 6 POLE | G24: 1.5kW
A25: 380V | B25: 8 POLE | C25: 1.5kW | E25: 220V | F25: 8 POLE | G25: 1.1kW

Sheet Info+Data Entry Form
B2: Name Plate Data Entry Form
B3: Shared Data (Used on both Nameplate & Test Sheet)
B4: Date: | C4: =TODAY() -> 46148 | E4: (Both) | L4: CHABO & JOUBERT AIR CONDITIONING
B5: Customer Name: | C5: BREEZEAIR TECHNICAL SERVICES | E5: (Both) | L5: (PTY) LTD
B6: Fan Series (Select from DropDown): | C6: MAXFLO | E6: (Both) | H6: MAXFLO
B7: Contract No: | C7: FM4032 | E7: (Both) | H7: AT | L7: =L4&" "&L5 -> CHABO & JOUBERT AIR CONDITIONING (PTY) LTD
B8: Fan Size: | C8: 560/250/12 P | E8: (Both) | H8: UV
B9: Power (kW): | C9: 1.1 | E9: (Both) | H9: MAJAX-1
B10: Speed (2P/4P/6P/8P): | C10: 4P | E10: (Both) | H10: BCC
B11: Class/Pitch: | C11: 26 | E11: (Name plate only) | H11: N/A
B12: Voltage: | C12: 380 | E12: (Both) | H12: MAJAX-2
B13: F.L.A/Motor Current: (Calculated) | C13: 2.5 | E13: (Both) | H13: MAJAX-3
B14: Name Plate Data | H14: FUMAX
B15: Op Temp: | C15: 20 | E15: (Name plate only) | H15: PLATE AXIAL
B16: Blade type (A/P): | C16: A | E16: (Name plate only) | H16: MAXFLO -BIF
B17: Phase: | C17: 3 | E17: (Name plate only) | H17: CPV
B18: Frequency: | C18: 50 | E18: (Name plate only)
B19: Connetion: (Formula) | C19: =IF(C12<=220,"--",IF(C9>=4,"DELTA","STAR")) -> STAR | E19: (Name plate only)
B20: Re-Lubrication Int. | C20: N/A | E20: (Name plate only)
B21: Test Sheet Data
B22: Make: | C22: ACTOM | E22: (Test sheet only)
B23: Imp. Form: | C23: FORM B | E23: (Test sheet only)
B24: Qty: | C24: 1 | E24: (Test sheet only)

Sheet Name Plate
A1: ='Info+Data Entry Form'!$C$5 -> BREEZEAIR TECHNICAL SERVICES
A3: NAME PLATE DETAILS
A4: Series | B4: ='Info+Data Entry Form'!$C$6 -> MAXFLO | D4: Size | E4: ='Info+Data Entry Form'!$C$8 -> 560/250/12 P
A5: Class/Pitch | B5: ='Info+Data Entry Form'!$C$11 -> 26 | C5: ° | D5: Op Speed | E5: =IF('Info+Data Entry Form'!$C$10="2P", 2880, IF('Info+Data Entry Form'!$C$10="4P",1440,IF('Info+Data Entry Form'!$C$10="6P"=960,IF('Info+Data Entry Form'!$C$10="8P",720,"-")))) -> 1440 | F5: RPM
A6: Motor | B6: ='Info+Data Entry Form'!$C$9 -> 1.1 | C6: kW | D6: Max Speed | E6: =E5 -> 1440 | F6: RPM
A7: Voltage | B7: ='Info+Data Entry Form'!$C$12 -> 380 | C7: V | D7: Phase | E7: ='Info+Data Entry Form'!$C$17 -> 3
A8: F.L.A | B8: ='Info+Data Entry Form'!$C$13 -> 2.5 | D8: Frequency | E8: ='Info+Data Entry Form'!$C$18 -> 50 | F8: Hz
A9: Op Temp | B9: ='Info+Data Entry Form'!$C$15 -> 20 | C9: °C | D9: Conn | E9: ='Info+Data Entry Form'!$C$19 -> STAR
A10: Serial No | B10: ='Info+Data Entry Form'!$C$7 -> FM4032 | D10: Date of Manuf | E10: ='Info+Data Entry Form'!$C$4 -> 46148
B12: Re-Lubrication Interval | C12: N/A

Sheet Test Sheet
A1: Test record sheet | S1: DATE: | U1: ='Info+Data Entry Form'!C4 -> 46148
A2: Contract No. | D2: ='Info+Data Entry Form'!$C$7 -> FM4032 | G2: Fan Series | J2: ='Info+Data Entry Form'!C6 -> MAXFLO | M2: Fan Size | P2: =LEFT('Info+Data Entry Form'!$C$8,FIND("/",'Info+Data Entry Form'!$C$8)-1) -> 560 | S2: Imp. Form | V2: ='Info+Data Entry Form'!C23 -> FORM B
A4: Customer Name: | D4: ='Info+Data Entry Form'!$C$5 -> BREEZEAIR TECHNICAL SERVICES
A5: Motor Current: | D5: ='Info+Data Entry Form'!$C$13 -> 2.5 | G5: Amp | Q5: MAKE: | T5: ='Info+Data Entry Form'!$C$22 -> ACTOM | V5: ASKARI | X5: WEG
A6: Motor Voltage: | D6: ='Info+Data Entry Form'!$C$12 -> 380 | E6: 380V | G6: Volt | Q6: Description: | T6: ='Name Plate'!$B$6&""&'Name Plate'!$C$6&" "&'Info+Data Entry Form'!$C$10 -> 1.1kW 4P
A7: Fan Speed: | D7: ='Name Plate'!$E$5 -> 1440 | E7: 1440 | G7: r/min
A9: ACTUAL VALUES
A10: Motor Serial Number: | E10: Blade Pitch Deg. | G10: Tacho & Clamp Meter Serial No | I10: Speed | K10: Current | Q10: Voltage | X10: Connection
I11: r/min | K11: PH1 | M11: PH2 | O11: PH3 | Q11: PH1 | S11: PH2 | U11: PH3
E12: ='Info+Data Entry Form'!$C$11 -> 26 | G12: N/A | I12: =$D$7 -> 1440 | Q12: =$D$6 -> 380 | S12: =$D$6 -> 380 | U12: =$D$6 -> 380 | X12: ='Info+Data Entry Form'!$C$19 -> STAR
A34: Testing Operator Signature: | M34: Quality Inspector Signature:
A36: Remarks: Operator and Quality to sign on completion of work, with date competed.

Sheet Info+Data Entry Form FUMAX
B2: Name Plate Data Entry Form FUMAX
B3: Shared Data (Used on both Nameplate & Test Sheet)
B4: Customer Name: | C4: ST AIR SERVICES AND MAINTENANCE (PTY) LTD | E4: (Both)
B5: Fan Series (Select from DropDown): | C5: FUMAX | E5: (Both)
B6: Size: | C6: 1000 | E6: (Both)
B7: Pitch: | C7: 20 | E7: (Name plate only)
B8: Motor Insulation | C8: H | E8: (Name plate only)
B9: Power (kW): | C9: 7.5 | E9: (Both)
B10: Voltage: | C10: 380 | E10: (Both)
B11: Phase: | C11: 3 | E11: (Name plate only)
B12: F.L.A/Motor Current: (Calculated) | C12: 15.2 | E12: (Both)
B13: Date: | C13: =TODAY() -> 46148 | E13: (Both)
B14: Op Temp: | C14: 20 | E14: (Name plate only)
B15: Serial Number: | C15: FM3963 | E15: (Both)
B16: Speed (2P/4P/6P/8P): | C16: 4P | E16: (Both)
B17: Name Plate Data
B18: Blade type (A/P): | C18: A | E18: (Name plate only)
B19: Frequency: | C19: 50 | E19: (Name plate only)
B20: Connetion: (Formula) | C20: =IF(C10<=220,"--",IF(C9>=4,"DELTA","STAR")) -> DELTA | E20: (Name plate only)
B21: Test Sheet Data
B22: Make: | C22: WEG | E22: (Test sheet only)
B23: Imp. Form: | C23: FORM B | E23: (Test sheet only)
B24: Name Plate Data
B25: Fire Class: | C25: 300 | E25: (Name plate only)
B26: Time: | C26: 120 | E26: (Name plate only)
B27: Volume: | C27: 10.37 | E27: (Name plate only)
B28: Pressure: | C28: 0.4 | E28: (Name plate only)

Sheet Name Plate FUMAX
A1: ='Info+Data Entry Form FUMAX'!C4 -> ST AIR SERVICES AND MAINTENANCE (PTY) LTD
A3: NAME PLATE DETAILS (FUMAX)
A5: Size | E5: ='Info+Data Entry Form FUMAX'!$C$6 -> 1000 | I5: Pitch | K5: ='Info+Data Entry Form FUMAX'!$C$7 -> 20 | N5: Fire Class/ Time | Q5: ='Info+Data Entry Form FUMAX'!$C$25 -> 300 | S5: / | T5: ='Info+Data Entry Form FUMAX'!$C$26 -> 120 | V5: Min
A6: Motor Insulation | E6: ='Info+Data Entry Form FUMAX'!$C$8 -> H | N6: Volume | Q6: ='Info+Data Entry Form FUMAX'!$C$27 -> 10.37 | S6: m3/s
A7: Motor | E7: ='Info+Data Entry Form FUMAX'!$C$9 -> 7.5 | H7: kW | N7: Pressure | Q7: ='Info+Data Entry Form FUMAX'!$C$28 -> 0.4 | S7: kPa
A8: Voltage | E8: ='Info+Data Entry Form FUMAX'!C10 -> 380 | H8: V | I8: ='Info+Data Entry Form FUMAX'!$C$11 -> 3 | K8: Ph | N8: Op Speed | Q8: =IF('Info+Data Entry Form FUMAX'!$C$16="2P", 2880, IF('Info+Data Entry Form FUMAX'!$C$16="4P",1440,IF('Info+Data Entry Form FUMAX'!$C$16="6P"=960,IF('Info+Data Entry Form FUMAX'!$C$16="8P",720,"-")))) -> 1440 | S8: RPM
A9: F.L.A | E9: ='Info+Data Entry Form FUMAX'!$C$12 -> 15.2 | N9: Frequency | Q9: ='Info+Data Entry Form FUMAX'!$C$19 -> 50 | S9: Hz
A10: Man. Date. | E10: ='Info+Data Entry Form FUMAX'!$C$13 -> 46148
A11: Op Temp | E11: ='Info+Data Entry Form FUMAX'!$C$14 -> 20 | N11: Conn | Q11: ='Info+Data Entry Form FUMAX'!$C$20 -> DELTA
F13: Serial Number | I13: ='Info+Data Entry Form FUMAX'!$C$15 -> FM3963

Sheet Test Sheet FUMAX
A1: Test record sheet | S1: DATE: | U1: =TODAY() -> 46148
A2: Contract No. | D2: ='Info+Data Entry Form FUMAX'!$C$15 -> FM3963 | G2: Fan Series | J2: ='Info+Data Entry Form FUMAX'!$C$5 -> FUMAX | M2: Fan Size | P2: ='Info+Data Entry Form FUMAX'!$C$6 -> 1000 | S2: Imp. Form | V2: ='Info+Data Entry Form FUMAX'!$C$23 -> FORM B
A4: Customer Name: | D4: ='Info+Data Entry Form FUMAX'!$C$4 -> ST AIR SERVICES AND MAINTENANCE (PTY) LTD
A5: Motor Current: | D5: ='Info+Data Entry Form FUMAX'!$C$12 -> 15.2 | G5: Amp | Q5: MAKE: | T5: ='Info+Data Entry Form FUMAX'!$C$22 -> WEG
A6: Motor Voltage: | D6: ='Info+Data Entry Form FUMAX'!$C$10 -> 380 | E6: 380V | G6: Volt | Q6: Description: | T6: ='Name Plate FUMAX'!$E$7&""&'Name Plate FUMAX'!$H$7&" "&'Info+Data Entry Form FUMAX'!$C$16 -> 7.5kW 4P
A7: Fan Speed: | D7: ='Name Plate FUMAX'!$Q$8 -> 1440 | E7: 1440 | G7: r/min
A9: ACTUAL VALUES
A10: Motor Serial Number: | E10: Blade Pitch Deg. | G10: Tacho & Clamp Meter Serial No | I10: Speed | K10: Current | Q10: Voltage | W10: Connection
I11: r/min | K11: PH1 | M11: PH2 | O11: PH3 | Q11: PH1 | S11: PH2 | U11: PH3
E12: ='Info+Data Entry Form FUMAX'!$C$7 -> 20 | G12: N/A | I12: =$D$7 -> 1440 | Q12: =$D$6 -> 380 | S12: =$D$6 -> 380 | U12: =$D$6 -> 380 | W12: ='Info+Data Entry Form FUMAX'!$C$20 -> DELTA
E13: ='Info+Data Entry Form FUMAX'!$C$7 -> 20 | G13: N/A | I13: =$D$7 -> 1440 | Q13: =$D$6 -> 380 | S13: =$D$6 -> 380 | U13: =$D$6 -> 380 | W13: ='Info+Data Entry Form FUMAX'!$C$20 -> DELTA
E14: ='Info+Data Entry Form FUMAX'!$C$7 -> 20 | G14: N/A | I14: =$D$7 -> 1440 | Q14: =$D$6 -> 380 | S14: =$D$6 -> 380 | U14: =$D$6 -> 380 | W14: ='Info+Data Entry Form FUMAX'!$C$20 -> DELTA
A34: Testing Operator Signature: | M34: Quality Inspector Signature:
A36: Remarks: Operator and Quality to sign on completion of work, with date competed.

Sheet PB4 Performance Data
A1: 2 POLE
A2: Output (kW) | B2: Frame Size | C2: Type | D2: Speed (rpm) | E2: Poles | F2: Current @400V (A) | G2: FLT (Nm) | H2: Efficiency 4/4 (%) | I2: Efficiency 3/4 (%) | J2: Efficiency 1/2 (%) | K2: Power Factor 4/4 | L2: Power Factor 3/4 | M2: Power Factor 1/2 | N2: DOL Starting Torque | O2: DOL Current (A) | P2: BDT | Q2: Motor Mass (kg) | R2: Air Over Output (kW) | S2: Air Over Current (A) | T2: Air Flow (m/s)
A3: 0.37 | B3: 71 | C3: 070 | D3: 2740 | E3: 2 | F3: 0.94 | G3: 1.3 | H3: 70 | I3: 68.9 | J3: 66.2 | K3: 0.81 | L3: 0.75 | M3: 0.63 | N3: 2.2 | O3: 6.1 | P3: 2.2 | Q3: 8 | R3: 0.4 | S3: 1.02 | T3: 12
A4: 0.55 | B4: 71 | C4: 073 | D4: 2740 | E4: 2 | F4: 1.33 | G4: 1.9 | H4: 73 | I4: 70.2 | J4: 67.4 | K4: 0.82 | L4: 0.77 | M4: 0.64 | N4: 2.2 | O4: 6.1 | P4: 2.2 | Q4: 9 | R4: 0.65 | S4: 1.57 | T4: 12
A5: 0.75 | B5: 80 | C5: 080 | D5: 2855 | E5: 2 | F5: 1.64 | G5: 2.5 | H5: 80.7 | I5: 80.7 | J5: 79.1 | K5: 0.82 | L5: 0.77 | M5: 0.64 | N5: 2.3 | O5: 7 | P5: 2.3 | Q5: 10 | R5: 0.85 | S5: 1.85 | T5: 12
A6: 1.1 | B6: 80 | C6: 083 | D6: 2855 | E6: 2 | F6: 2.31 | G6: 3.7 | H6: 82.7 | I6: 82.7 | J6: 81 | K6: 0.83 | L6: 0.81 | M6: 0.7 | N6: 2.2 | O6: 7.6 | P6: 2.3 | Q6: 13 | R6: 1.3 | S6: 2.73 | T6: 12
A7: 1.5 | B7: 90S | C7: 090 | D7: 2880 | E7: 2 | F7: 3.06 | G7: 5 | H7: 84.2 | I7: 84.2 | J7: 82.5 | K7: 0.84 | L7: 0.77 | M7: 0.65 | N7: 2.2 | O7: 7.9 | P7: 2.3 | Q7: 15 | R7: 1.8 | S7: 3.67 | T7: 14.5
A8: 2.2 | B8: 90L | C8: 093 | D8: 2880 | E8: 2 | F8: 4.35 | G8: 7.3 | H8: 85.9 | I8: 85.9 | J8: 84.2 | K8: 0.85 | L8: 0.82 | M8: 0.71 | N8: 2.2 | O8: 7.9 | P8: 2.3 | Q8: 18 | R8: 2.6 | S8: 5.14 | T8: 14.5
A9: 3 | B9: 100L | C9: 101 | D9: 2890 | E9: 2 | F9: 5.7 | G9: 9.9 | H9: 87.1 | I9: 87.1 | J9: 85.4 | K9: 0.87 | L9: 0.85 | M9: 0.77 | N9: 2.2 | O9: 8.5 | P9: 2.3 | Q9: 24 | R9: 3.5 | S9: 6.67 | T9: 19.5
A10: 4 | B10: 112M | C10: 112 | D10: 2905 | E10: 2 | F10: 7.4 | G10: 13.1 | H10: 88.1 | I10: 88.1 | J10: 86.3 | K10: 0.88 | L10: 0.87 | M10: 0.8 | N10: 2.2 | O10: 8.5 | P10: 2.3 | Q10: 32 | R10: 4.7 | S10: 8.75 | T10: 19.5
A11: 5.5 | B11: 132S | C11: 130 | D11: 2920 | E11: 2 | F11: 10.1 | G11: 18 | H11: 89.2 | I11: 89.2 | J11: 87.4 | K11: 0.88 | L11: 0.87 | M11: 0.81 | N11: 2 | O11: 8.5 | P11: 2.3 | Q11: 47 | R11: 6 | S11: 11 | T11: 26
A12: 7.5 | B12: 132S | C12: 131 | D12: 2915 | E12: 2 | F12: 13.7 | G12: 24.6 | H12: 90.1 | I12: 90.1 | J12: 88.3 | K12: 0.88 | L12: 0.87 | M12: 0.82 | N12: 2 | O12: 8.5 | P12: 2.3 | Q12: 51 | R12: 8.6 | S12: 15.7 | T12: 26
A13: 9.2 | B13: 132M | C13: 133 | D13: 2920 | E13: 2 | F13: 16.7 | G13: 30.1 | H13: 90.4 | I13: 90.4 | J13: 88.5 | K13: 0.88 | L13: 0.88 | M13: 0.83 | N13: 2 | O13: 8.5 | P13: 2.3 | Q13: 56 | R13: 10.6 | S13: 19.2 | T13: 26
A15: 4 POLE
A16: Output (kW) | B16: Frame Size | C16: Type | D16: Speed (rpm) | E16: Poles | F16: Current @400V (A) | G16: FLT (Nm) | H16: Efficiency 4/4 (%) | I16: Efficiency 3/4 (%) | J16: Efficiency 1/2 (%) | K16: Power Factor 4/4 | L16: Power Factor 3/4 | M16: Power Factor 1/2 | N16: DOL Starting Torque | O16: DOL Current (A) | P16: BDT | Q16: Motor Mass (kg) | R16: Air Over Output (kW) | S16: Air Over Current (A) | T16: Air Flow (m/s)
A17: 0.25 | B17: 71 | C17: 071 | D17: 1330 | E17: 4 | F17: 0.8 | G17: 1.8 | H17: 65 | I17: 62.1 | J17: 60.9 | K17: 0.74 | L17: 0.66 | M17: 0.54 | N17: 2.1 | O17: 4.4 | P17: 2.1 | Q17: 8 | R17: 0.28 | S17: 0.84 | T17: 7
A18: 0.37 | B18: 71 | C18: 073 | D18: 1330 | E18: 4 | F18: 1.1 | G18: 2.7 | H18: 67 | I18: 64.9 | J18: 62.1 | K18: 0.75 | L18: 0.67 | M18: 0.55 | N18: 2.1 | O18: 5.2 | P18: 2.1 | Q18: 8 | R18: 0.4 | S18: 1.15 | T18: 7
A19: 0.55 | B19: 80 | C19: 080 | D19: 1420 | E19: 4 | F19: 1.3 | G19: 3.7 | H19: 80.8 | I19: 80.8 | J19: 79.2 | K19: 0.75 | L19: 0.67 | M19: 0.55 | N19: 2.4 | O19: 6.6 | P19: 2.3 | Q19: 10 | R19: 0.65 | S19: 1.55 | T19: 7.5
A20: 0.75 | B20: 80 | C20: 083 | D20: 1420 | E20: 4 | F20: 1.7 | G20: 5 | H20: 82.5 | I20: 82.5 | J20: 80.9 | K20: 0.75 | L20: 0.72 | M20: 0.59 | N20: 2.3 | O20: 6.6 | P20: 2.3 | Q20: 12 | R20: 0.85 | S20: 1.98 | T20: 7.5
A21: 1.1 | B21: 90S | C21: 090 | D21: 1425 | E21: 4 | F21: 2.5 | G21: 7.4 | H21: 84.1 | I21: 84.1 | J21: 82.4 | K21: 0.76 | L21: 0.69 | M21: 0.56 | N21: 2.3 | O21: 6.8 | P21: 2.3 | Q21: 16 | R21: 1.3 | S21: 2.94 | T21: 9
A22: 1.5 | B22: 90L | C22: 093 | D22: 1430 | E22: 4 | F22: 3.3 | G22: 10 | H22: 85.3 | I22: 85.3 | J22: 83.6 | K22: 0.77 | L22: 0.71 | M22: 0.58 | N22: 2.3 | O22: 7 | P22: 2.3 | Q22: 19 | R22: 1.8 | S22: 3.96 | T22: 9
A23: 2.2 | B23: 100L | C23: 101 | D23: 1440 | E23: 4 | F23: 4.5 | G23: 14.6 | H23: 86.7 | I23: 86.7 | J23: 85 | K23: 0.81 | L23: 0.75 | M23: 0.63 | N23: 2.3 | O23: 7.6 | P23: 2.3 | Q23: 26 | R23: 2.6 | S23: 5.34 | T23: 11
A24: 3 | B24: 100L | C24: 102 | D24: 1440 | E24: 4 | F24: 6 | G24: 19.9 | H24: 87.7 | I24: 87.7 | J24: 85.9 | K24: 0.82 | L24: 0.78 | M24: 0.66 | N24: 2.3 | O24: 7.6 | P24: 2.3 | Q24: 30 | R24: 3.5 | S24: 7.03 | T24: 11
A25: 4 | B25: 112M | C25: 112 | D25: 1445 | E25: 4 | F25: 7.95 | G25: 26.4 | H25: 88.6 | I25: 88.6 | J25: 86.8 | K25: 0.82 | L25: 0.79 | M25: 0.68 | N25: 2.2 | O25: 7.8 | P25: 2.3 | Q25: 37 | R25: 4.7 | S25: 9.34 | T25: 12
A26: 5.5 | B26: 132S | C26: 130 | D26: 1460 | E26: 4 | F26: 10.67 | G26: 36 | H26: 89.6 | I26: 89.6 | J26: 87.8 | K26: 0.83 | L26: 0.8 | M26: 0.68 | N26: 2 | O26: 7.9 | P26: 2.3 | Q26: 47 | R26: 6 | S26: 11.6 | T26: 16
A27: 7.5 | B27: 132M | C27: 133 | D27: 1460 | E27: 4 | F27: 14.26 | G27: 49.1 | H27: 90.4 | I27: 90.4 | J27: 88.6 | K27: 0.84 | L27: 0.8 | M27: 0.69 | N27: 2 | O27: 7.5 | P27: 2.3 | Q27: 59 | R27: 8.6 | S27: 16.3 | T27: 16
A28: 9.2 | B28: 132M | C28: 135 | D28: 1460 | E28: 4 | F28: 17.43 | G28: 60.2 | H28: 90.7 | I28: 90.7 | J28: 88.8 | K28: 0.84 | L28: 0.81 | M28: 0.71 | N28: 2.2 | O28: 7.7 | P28: 2.3 | Q28: 64 | R28: 10.6 | S28: 20.1 | T28: 16
A30: 6 POLE
A31: Output (kW) | B31: Frame Size | C31: Type | D31: Speed (rpm) | E31: Poles | F31: Current @400V (A) | G31: FLT (Nm) | H31: Efficiency 4/4 (%) | I31: Efficiency 3/4 (%) | J31: Efficiency 1/2 (%) | K31: Power Factor 4/4 | L31: Power Factor 3/4 | M31: Power Factor 1/2 | N31: DOL Starting Torque | O31: DOL Current (A) | P31: BDT | Q31: Motor Mass (kg) | R31: Air Over Output (kW) | S31: Air Over Current (A) | T31: Air Flow (m/s)
A32: 0.37 | B32: 80 | C32: 080 | D32: 930 | E32: 6 | F32: 1.04 | G32: 3.8 | H32: 73.5 | I32: 73.5 | J32: 72 | K32: 0.7 | L32: 0.6 | M32: 0.47 | N32: 1.9 | O32: 6 | P32: 2 | Q32: 10 | R32: 0.4 | S32: 1.12 | T32: 6.5
A33: 0.55 | B33: 80 | C33: 083 | D33: 930 | E33: 6 | F33: 1.43 | G33: 5.6 | H33: 77.2 | I33: 77.2 | J33: 75.7 | K33: 0.72 | L33: 0.62 | M33: 0.5 | N33: 1.9 | O33: 6 | P33: 2.1 | Q33: 13 | R33: 0.65 | S33: 1.69 | T33: 6.5
A34: 0.75 | B34: 90S | C34: 090 | D34: 940 | E34: 6 | F34: 1.93 | G34: 7.6 | H34: 78.9 | I34: 78.9 | J34: 77.3 | K34: 0.71 | L34: 0.62 | M34: 0.48 | N34: 2 | O34: 6 | P34: 2.1 | Q34: 16 | R34: 0.85 | S34: 2.19 | T34: 7.5
A35: 1.1 | B35: 90L | C35: 093 | D35: 940 | E35: 6 | F35: 2.69 | G35: 11.2 | H35: 81 | I35: 81 | J35: 79.4 | K35: 0.73 | L35: 0.64 | M35: 0.5 | N35: 2 | O35: 6 | P35: 2.1 | Q35: 21 | R35: 1.3 | S35: 3.17 | T35: 7.5
A36: 1.5 | B36: 100L | C36: 102 | D36: 950 | E36: 6 | F36: 3.59 | G36: 15.1 | H36: 82.5 | I36: 82.5 | J36: 80.9 | K36: 0.73 | L36: 0.65 | M36: 0.51 | N36: 2 | O36: 6.5 | P36: 2.1 | Q36: 23 | R36: 1.8 | S36: 4.31 | T36: 8
A37: 2.2 | B37: 112M | C37: 112 | D37: 950 | E37: 6 | F37: 5.09 | G37: 22.1 | H37: 84.3 | I37: 84.3 | J37: 82.6 | K37: 0.74 | L37: 0.68 | M37: 0.55 | N37: 2 | O37: 6.6 | P37: 2.1 | Q37: 33 | R37: 2.6 | S37: 6.02 | T37: 9
A38: 3 | B38: 132S | C38: 130 | D38: 975 | E38: 6 | F38: 6.84 | G38: 29.4 | H38: 85.6 | I38: 85.6 | J38: 83.9 | K38: 0.74 | L38: 0.68 | M38: 0.54 | N38: 2 | O38: 6.8 | P38: 2.1 | Q38: 39 | R38: 3.4 | S38: 7.75 | T38: 11
A39: 4 | B39: 132M | C39: 133 | D39: 975 | E39: 6 | F39: 8.99 | G39: 39.2 | H39: 86.8 | I39: 86.8 | J39: 85.1 | K39: 0.74 | L39: 0.67 | M39: 0.54 | N39: 2 | O39: 6.8 | P39: 2.1 | Q39: 48 | R39: 4.5 | S39: 10.1 | T39: 11
A40: 5.5 | B40: 132M | C40: 134 | D40: 975 | E40: 6 | F40: 12.03 | G40: 53.9 | H40: 88 | I40: 88 | J40: 86.2 | K40: 0.75 | L40: 0.69 | M40: 0.55 | N40: 2 | O40: 7 | P40: 2.1 | Q40: 57 | R40: 6 | S40: 13.1 | T40: 11

Sheet WEG_W22_IE3_400V
A1: WEG W22 IE3 Premium Efficiency – Performance Data (400V, 50Hz) – 2/4/6/8 Pole
A2: Note: Source brochure tables list up to 22 kW; next size shown is 30 kW.
A4: kW | B4: Poles | C4: Full Load Current In (A) @400V | D4: Frame | E4: Rated Speed (rpm) | F4: HP | G4: Full Load Torque (Nm) | H4: Locked Rotor Current (Il/In) | I4: Locked Rotor Torque (Tl/Tn) | J4: Breakdown Torque (Tb/Tn) | K4: Inertia J (kgm²) | L4: Allowable Locked Rotor Time Hot (s) | M4: Allowable Locked Rotor Time Cold (s) | N4: Weight (kg) | O4: Sound dB(A) | P4: Efficiency @50% | Q4: Efficiency @75% | R4: Efficiency @100% | S4: Power Factor @50% | T4: Power Factor @75% | U4: Power Factor @100%
A5: 0.12 | B5: 2 | C5: 0.375 | D5: 63 | E5: 2820 | F5: 0.16 | G5: 0.41 | H5: 5.4 | I5: 3.1 | J5: 3.3 | K5: 0.0001 | L5: 30 | M5: 66 | N5: 6.9 | O5: 52 | P5: 58 | Q5: 60.8 | R5: 60.8 | S5: 0.54 | T5: 0.67 | U5: 0.76
A6: 0.18 | B6: 2 | C6: 0.533 | D6: 63 | E6: 2860 | F6: 0.25 | G6: 0.6 | H6: 5.2 | I6: 3 | J6: 3.2 | K6: 0.0002 | L6: 22 | M6: 48 | N6: 7.6 | O6: 52 | P6: 61 | Q6: 65.9 | R6: 65.9 | S6: 0.53 | T6: 0.65 | U6: 0.74
A7: 0.25 | B7: 2 | C7: 0.672 | D7: 63 | E7: 2805 | F7: 0.33 | G7: 0.85 | H7: 5.5 | I7: 3.8 | J7: 3.3 | K7: 0.0002 | L7: 17 | M7: 37 | N7: 7.8 | O7: 52 | P7: 63 | Q7: 68 | R7: 69.7 | S7: 0.54 | T7: 0.68 | U7: 0.77
A8: 0.37 | B8: 2 | C8: 0.851 | D8: 71 | E8: 2820 | F8: 0.5 | G8: 1.25 | H8: 6 | I8: 2.5 | J8: 2.5 | K8: 0.0004 | L8: 12 | M8: 26 | N8: 10.1 | O8: 56 | P8: 73 | Q8: 73.8 | R8: 73.8 | S8: 0.66 | T8: 0.79 | U8: 0.85
A9: 0.55 | B9: 2 | C9: 1.19 | D9: 71 | E9: 2830 | F9: 0.75 | G9: 1.86 | H9: 5.9 | I9: 2.7 | J9: 2.7 | K9: 0.0005 | L9: 15 | M9: 33 | N9: 11 | O9: 56 | P9: 75 | Q9: 76 | R9: 77.8 | S9: 0.68 | T9: 0.8 | U9: 0.86
A10: 0.75 | B10: 2 | C10: 1.65 | D10: 80 | E10: 2860 | F10: 1 | G10: 2.51 | H10: 7.5 | I10: 3.2 | J10: 3.2 | K10: 0.0008 | L10: 18 | M10: 40 | N10: 14 | O10: 59 | P10: 80 | Q10: 82 | R10: 81 | S10: 0.6 | T10: 0.73 | U10: 0.81
A11: 1.1 | B11: 2 | C11: 2.39 | D11: 80 | E11: 2835 | F11: 1.5 | G11: 3.71 | H11: 7.2 | I11: 4.1 | J11: 3.7 | K11: 0.0009 | L11: 23 | M11: 51 | N11: 14.8 | O11: 59 | P11: 81.5 | Q11: 83 | R11: 83 | S11: 0.6 | T11: 0.73 | U11: 0.8
A12: 1.5 | B12: 2 | C12: 3.17 | D12: 90S | E12: 2885 | F12: 2 | G12: 4.97 | H12: 7 | I12: 2.5 | J12: 3 | K12: 0.002 | L12: 10 | M12: 22 | N12: 21.5 | O12: 62 | P12: 82 | Q12: 83.5 | R12: 84.2 | S12: 0.62 | T12: 0.74 | U12: 0.81
A13: 2.2 | B13: 2 | C13: 4.43 | D13: 90L | E13: 2870 | F13: 3 | G13: 7.32 | H13: 7.5 | I13: 3.4 | J13: 3.4 | K13: 0.0026 | L13: 12 | M13: 26 | N13: 25 | O13: 62 | P13: 85.5 | Q13: 86 | R13: 86.3 | S13: 0.65 | T13: 0.77 | U13: 0.83
A14: 3 | B14: 2 | C14: 5.78 | D14: 100L | E14: 2900 | F14: 4 | G14: 9.88 | H14: 8 | I14: 3.1 | J14: 3.6 | K14: 0.0064 | L14: 15 | M14: 33 | N14: 32.8 | O14: 67 | P14: 85 | Q14: 86.5 | R14: 87.1 | S14: 0.69 | T14: 0.81 | U14: 0.86
A15: 4 | B15: 2 | C15: 7.59 | D15: 112M | E15: 2900 | F15: 5.5 | G15: 13.2 | H15: 7.7 | I15: 2.5 | J15: 3.5 | K15: 0.0081 | L15: 14 | M15: 31 | N15: 42.5 | O15: 62 | P15: 88 | Q15: 88.4 | R15: 88.4 | S15: 0.69 | T15: 0.8 | U15: 0.86
A16: 5.5 | B16: 2 | C16: 10.6 | D16: 132S | E16: 2940 | F16: 7.5 | G16: 17.9 | H16: 7.9 | I16: 2.4 | J16: 3.5 | K16: 0.018 | L16: 12 | M16: 26 | N16: 61 | O16: 63 | P16: 86.9 | Q16: 88.7 | R16: 89.4 | S16: 0.66 | T16: 0.78 | U16: 0.84
... A76: 22 | B76: 8 | C76: 44.3 | D76: 225S/M | E76: 735 | F76: 30 | G76: 286 | H76: 7 | I76: 2.1 | J76: 2.7 | K76: 0.9574 | L76: 20 | M76: 44 | N76: 402 | O76: 56 | P76: 90.3 | Q76: 90.8 | R76: 90.8 | S76: 0.61 | T76: 0.73 | U76: 0.79

Sheet CasingInspectionSheet
A1: CASING INSPECTION SHEET
A3: BATCH # | C3: 1
A5: MONTH OF FABRICATION | C5: =TODAY() -> 46148
A7: REQUIREMENTS | B7: Casing Size: | C7: 315 | D7: 400 | E7: 500 | F7: 560 | G7: 630
A8: Casing I/D
A9: Casing Length | C9: 315 | D9: 400 | E9: 400 | F9: 400 | G9: 400
A10: Terminal box hole height - 400mm Long
A11: Terminal box hole height - 500mm Long | C11: N/A | D11: N/A
A13: REQUIREMENTS | B13: Casing Size: | C13: 710 | D13: 800 | E13: 900 | F13: 1000
A14: Casing I/D
A15: Casing Length | C15: 400 | D15: 400 | E15: 500 | F15: 500
A16: Terminal box hole height - 400mm Long
A17: Terminal box hole height - 500mm Long
A19: Element | C19: Casing#1 | D19: Casing#2 | E19: Casing#3 | F19: Casing#4 | G19: Casing#5
A20: Casing Size:
A21: Casing I/D (Side 1) | B21: Actual 1
B22: Actual 2
B23: Actual 3
B24: Actual 4
A26: Casing I/D (Side 2) | B26: Actual 1
B27: Actual 2
B28: Actual 3
B29: Actual 4
A31: Terminal box hole height | B31: Req. Size
B32: Actual
A33: Terminal box hole (Casing) | B33: Yes / No
A34: Terminal box hole (Terminal Box) | B34: Yes / No
A35: Casing Length
A36: Note: (Serial No. = Batch#-Month -Year-Casing#) e.g. 1-02-2026-1
A37: Has the Serial Number been stamped? | B37: Yes / No
A38: QC Signature:
A39: Date of Inspection:
A41: COMMENTS:
A42: 1. Fabricator to fill out check sheet before starting the job.
A43: 2. At Tac-Up Stage, call on Quality to perform a DIM Check.
A44: 3. All operators and Quality to sign with the date on completion.
